Season,Cultivar,Repetition,PH,IFP,NLP,NGP,NGL,NS,MHG,GY,Maturation group,Seeds per meter/linear,Density per meter/linear
0,0,0,0.23728813559322026,0.41666666666666663,0.7587548638132295,0.5162827640984908,0.37662337662337664,0.5581395348837209,0.2826624690802787,0.49961819345061725,0.49999999999999983,0.8403361344537816,0.8403361344537815
0,0,0.3333333333333333,0.23305084745762714,0.3229166666666667,0.7957198443579766,0.5845909451945989,0.393939394,0.7906976744186046,0.1644929165729705,0.5835094950424116,0.49999999999999983,0.8403361344537816,0.8403361344537815
0,0,0.6666666666666666,0.3347457627118644,0.5208333333333334,0.7801556420233463,0.6163621922160444,0.4675324675324676,0.7441860465116279,0.24454688554081405,0.5463902328282874,0.49999999999999983,0.8403361344537816,0.8403361344537815
0,0,1,0.2684322033898306,0.42031250000000003,0.7782101167315175,0.5723987291501191,0.4112554112554112,0.6976744186046512,0.24106138970092195,0.5231339389168487,0.49999999999999983,0.8403361344537816,0.8403361344537815
0,0.025641026,0,0.7118644067796611,0.5625000000000001,0.7645914396887159,0.4972200158856235,0.35064935064935066,0.813953488,0.20834270294580617,0.4990786521491728,0.49999999999999983,0.33613445378151263,0.33613445378151263
0,0.025641026,0.3333333333333333,0.597457627,0.7083333333333335,0.4766536964980545,0.31850675138999207,0.393939394,0.7906976744186046,0.3126827074432202,0.5414783431659577,0.49999999999999983,0.33613445378151263,0.33613445378151263
0,0.025641026,0.6666666666666666,0.7796610169491527,0.44791666666666674,0.7315175097276265,0.4527402700555997,0.329004329,0.7441860465116279,0.26051270519451303,0.48485893795864704,0.49999999999999983,0.33613445378151263,0.33613445378151263
0,0.025641026,1,0.6963983050847458,0.5729166666666667,0.6575875486381323,0.422835584,0.35930735930735935,0.7825581395348837,0.25680233865527324,0.47983501239765664,0.49999999999999983,0.33613445378151263,0.33613445378151263
0,0.051282051,0,0.097457627,0.375,0.43385214007782097,0.4011119936457506,0.5887445887445887,0.7906976744186046,0.5980436249156735,0.6198032295821946,0.5357142857142857,0.6722689075630253,0.6722689075630253
0,0.051282051,0.3333333333333333,0.17372881355932196,0.44791666666666674,0.5038910505836576,0.5599682287529786,0.7272727272727273,0.6744186046511628,0.5586912525297953,0.6085642599586647,0.5357142857142857,0.6722689075630253,0.6722689075630253
0,0.051282051,0.6666666666666666,0.13559322033898302,0.6354166666666666,0.5642023346303502,0.5345512311358221,0.6017316017316018,0.8604651162790697,0.5183269619968518,0.5750861644510094,0.5357142857142857,0.6722689075630253,0.6722689075630253
0,0.051282051,1,0.13559322033898302,0.48593750000000013,0.5006809338521401,0.49853057982525817,0.6406926406926406,0.7755813953488372,0.5584663818304474,0.6368503760573389,0.5357142857142857,0.6722689075630253,0.6722689075630253
0,0.076923077,0,0.13559322033898302,0.4270833333333333,0.60311284,0.6806989674344717,0.7489177489177489,0.9069767441860465,0.6882167753541715,0.7620003714874535,0.5357142857142857,0.5882352941176471,0.5882352941176471
0,0.076923077,0.3333333333333333,0.24576271186440682,0.5104166666666667,0.4182879377431907,0.5091342335186655,0.7965367965367964,1,0.6403193163930738,0.7129551826922226,0.5357142857142857,0.5882352941176471,0.5882352941176471
0,0.076923077,0.6666666666666666,0.440677966,0.5520833333333335,0.5817120622568094,0.8919777601270849,0.5627705627705629,0.7674418604651163,0.6152462334157859,0.6796362960931903,0.5357142857142857,0.5882352941176471,0.5882352941176471
0,0.076923077,1,0.2739406779661017,0.49635416666666676,0.5343385214007782,0.6939237490071486,0.7012987012987013,0.8918604651162791,0.6479649201709017,0.7120412056242021,0.5357142857142857,0.5882352941176471,0.5882352941176471
0,0.10256410256410256,0,0.16101694915254242,0.6562500000000001,0.2801556420233463,0.1302621127879269,0.303030303,0.372093023,0.38171801214301765,0.5587377681859325,0.6071428571428572,0.7563025210084034,0.7563025210084033
0,0.10256410256410256,0.3333333333333333,0.35169491525423735,0.6041666666666667,0.3326848249027238,0.30103256552819696,0.5757575757575758,0.4186046511627907,0.4033055992804138,0.5484511037010175,0.6071428571428572,0.7563025210084034,0.7563025210084033
0,0.10256410256410256,0.6666666666666666,0.20338983050847462,0.5729166666666667,0.2918287937743191,0.13661636219221607,0.303030303,0.46511627906976744,0.3854283786822577,0.6077741120417952,0.6071428571428572,0.7563025210084034,0.7563025210084033
0,0.10256410256410256,1,0.2387711864406779,0.6109375,0.3015564202334631,0.18931691818903892,0.393939394,0.4186046511627907,0.40532943557454476,0.5362332941207688,0.6071428571428572,0.7563025210084034,0.7563025210084033
0,0.1282051282051282,0,0.27542372881355937,0.44791666666666674,0.40077821011673154,0.35107227958697373,0.5541125541125542,0.6511627906976744,0.4167978412412862,0.5579653101477988,0.6071428571428572,0.504201681,0.4411764705882353
0,0.1282051282051282,0.3333333333333333,0.3983050847457628,0.5729166666666667,0.6692607,0.5710881652104846,0.5238095238095238,0.813953488,0.41038902630987184,0.5815636083814646,0.6071428571428572,0.504201681,0.4411764705882353
0,0.1282051282051282,0.6666666666666666,0.4025423728813558,0.5416666666666669,0.5077821011673153,0.426528991,0.5194805194805195,0.6046511627906976,0.43647402743422525,0.4962836513089037,0.6071428571428572,0.504201681,0.4411764705882353
0,0.1282051282051282,1,0.3586864406779661,0.5208333333333334,0.5259727626459143,0.4495631453534551,0.5324675324675324,0.6895348837209302,0.43422532044074663,0.532173467,0.6071428571428572,0.504201681,0.4411764705882353
0,0.15384615384615385,0,0.5000000000000001,0.6354166666666666,0.5136186770428015,0.7315329626687846,0.48051948051948046,0.6976744186046512,0.5640881493141442,0.5801926427794338,0.6071428571428572,0.504201681,0.5042016806722689
0,0.15384615384615385,0.3333333333333333,0.3474576271186441,0.5104166666666667,0.3715953307392996,0.37172359015091344,0.6406926406926406,0.7209302325581395,0.5761187317292558,0.5809120311813596,0.6071428571428572,0.504201681,0.5042016806722689
0,0.15384615384615385,0.6666666666666666,0.440677966,0.3229166666666667,0.4066147859922179,0.8054011119936457,0.5497835497835498,0.5348837209302325,0.6336856307623115,0.6700660716970785,0.6071428571428572,0.504201681,0.5042016806722689
0,0.15384615384615385,1,0.429449153,0.4895833333333335,0.43064202334630347,0.6362192216044479,0.5584415584415584,0.6511627906976744,0.6348099842590511,0.6032720379035135,0.6071428571428572,0.504201681,0.5042016806722689
0,0.1794871794871795,0,0.13135593220338976,0.3541666666666667,0.2801556420233463,0.32803812549642575,0.7445887445887447,0.5581395348837209,0.4528895884866202,0.41562370089953027,0.6071428571428572,0.7563025210084034,0.7563025210084033
0,0.1794871794871795,0.3333333333333333,0.072033898,0.625,0.4319066147859921,0.4932486100079428,0.7445887445887447,0.5813953488372093,0.46300876995727464,0.47301851245809706,0.6071428571428572,0.7563025210084034,0.7563025210084033
0,0.1794871794871795,0.6666666666666666,0.16101694915254242,0.5833333333333334,0.424124514,0.5019857029388403,0.7748917748917749,0.5348837209302325,0.4387227344277042,0.37254884617765943,0.6071428571428572,0.7563025210084034,0.7563025210084033
0,0.1794871794871795,1,0.12139830508474571,0.5208333333333334,0.3786964980544748,0.44110405083399523,0.7532467532467533,0.5581395348837209,0.5122554531144592,0.33122234113751814,0.6071428571428572,0.7563025210084034,0.7563025210084033
0,0.20512820512820512,0,0.8262711864406779,0.8229166666666667,0.23151750972762647,0.4455917394757744,0.4588744588744589,0.5116279069767441,0.6837193613672139,0.834425683,0.6428571428571428,0.504201681,0.5042016806722689
0,0.20512820512820512,0.3333333333333333,0.9194915254237289,0.8750000000000001,0.5019455252918288,0.3598093725178713,0.42857142857142855,0.6046511627906976,0.6782100292331908,0.8511190322457005,0.6428571428571428,0.504201681,0.5042016806722689
0,0.20512820512820512,0.6666666666666666,0.7838983050847457,1,0.6556420233463034,0.7077045274027005,0.70995671,0.6744186046511628,0.5626264897683831,0.8054585069152684,0.6428571428571428,0.504201681,0.5042016806722689
0,0.20512820512820512,1,0.843220339,0.8994791666666667,0.4630350194552529,0.5043685464654488,0.5324675324675324,0.5965116279069768,0.5952327411738251,0.8140115632840671,0.6428571428571428,0.504201681,0.5042016806722689
0,0.23076923076923078,0,0.17372881355932196,0.3333333333333333,0.23540856031128404,0.16044479745830026,0.45454545454545453,0.27906976744186046,0.7781650550933215,0.6421956677486975,0.6428571428571428,0.084033613,0.084033613
0,0.23076923076923078,0.3333333333333333,0.27542372881355937,0.41666666666666663,0.377431907,0.31294678316123903,0.5238095238095238,0.3023255813953489,0.6050146165954576,0.6961409529537675,0.6428571428571428,0.084033613,0.084033613
0,0.23076923076923078,0.6666666666666666,0.3559322033898306,0.9479166666666666,0.34241245136186776,0.3550436854646544,0.6666666666666666,0.3023255813953489,0.8276366089498537,0.7239081659428558,0.6428571428571428,0.084033613,0.084033613
0,0.23076923076923078,1,0.2684322033898306,0.5661458333333335,0.31838521400778214,0.276131851,0.5454545454545455,0.29418604651162794,0.8400044974139871,0.7362173732299065,0.6428571428571428,0.084033613,0.084033613
0,0.2564102564102564,0,0.7754237288135595,0.5000000000000001,0.5875486381322956,0.607625099,0.6709956709956711,0.7441860465116279,0.7596132223971217,0.46062675240361234,0.6785714285714284,0.504201681,0.5042016806722689
0,0.2564102564102564,0.3333333333333333,0.7627118644067796,0.53125,0.3521400778210117,0.2962668784749802,0.5324675324675324,0.5813953488372093,0.7826624690802787,0.4707630529192722,0.6785714285714284,0.504201681,0.5042016806722689
0,0.2564102564102564,0.6666666666666666,0.5593220338983051,0.6145833333333334,0.5175097276264592,0.5496425734710086,0.6926406926406926,0.627906977,0.75387902,0.45312034719335337,0.6785714285714284,0.504201681,0.5042016806722689
0,0.2564102564102564,1,0.6991525423728813,0.5484375000000001,0.4857003891050583,0.4845115170770453,0.6320346320346321,0.6511627906976744,0.7462334157859232,0.4749791406846573,0.6785714285714284,0.504201681,0.5042016806722689
0,0.28205128205128205,0,0.059322034,0.5104166666666667,0.5700389105058365,0.5639396346306592,0.6363636363636365,0.7209302325581395,0.7529795367663593,0.6009487671628678,0.714285714,0.4201680672268908,0.42016806722689076
0,0.28205128205128205,0.3333333333333333,0.33050847457627125,0.3645833333333333,0.4571984435797665,0.5107227958697379,0.7316017316017316,0.6511627906976744,0.6622442095794919,0.5400307214227379,0.714285714,0.4201680672268908,0.42016806722689076
0,0.28205128205128205,0.6666666666666666,0.16525423728813554,0.3541666666666667,0.5992217898832685,0.5949166004765687,0.6406926406926406,0.6744186046511628,0.6694400719586238,0.5463902328282874,0.714285714,0.4201680672268908,0.42016806722689076
0,0.28205128205128205,1,0.18495762711864402,0.40989583333333335,0.5421206225680935,0.5565131056393963,0.6666666666666666,0.6825581395348836,0.7503935237238589,0.546994637,0.714285714,0.4201680672268908,0.42016806722689076
0,0.3076923076923077,0,0.4618644067796612,0.41666666666666663,0.8132295719844358,0.6806989674344717,0.5064935064935064,0.6046511627906976,0.21475151787722055,0.7415243368506709,0.7500000000000002,0.4201680672268908,0.42016806722689076
0,0.3076923076923077,0.3333333333333333,0.6652542372881356,0.5729166666666667,0.6517509727626459,0.6362192216044479,0.6277056277056278,0.7209302325581395,0.24083651900157396,0.7548448155387895,0.7500000000000002,0.4201680672268908,0.42016806722689076
0,0.3076923076923077,0.6666666666666666,0.41525423728813565,0.38541666666666663,0.7996108949416343,0.6171564733915805,0.45021645021645024,0.6046511627906976,0.27985158533843024,0.7620003714874535,0.7500000000000002,0.4201680672268908,0.42016806722689076
0,0.3076923076923077,1,0.5141949152542374,0.45833333333333337,0.754863813,0.6446783161239078,0.5281385281385282,0.6430232558139535,0.2098043624915673,0.780807661,0.7500000000000002,0.4201680672268908,0.42016806722689076
0,0.3333333333333333,0,0.14406779661016944,0.44791666666666674,0.3385214007782101,0.32168387609213667,0.606060606,0.627906977,0.3530469979761638,0.875970364,0.7857142857142858,0.2521008403361345,0.25210084033613445
0,0.3333333333333333,0.3333333333333333,0.23305084745762714,0.47916666666666663,0.3365758754863813,0.3375694996028595,0.6406926406926406,0.5348837209302325,0.25534067910951214,0.9023931457616523,0.7857142857142858,0.2521008403361345,0.25210084033613445
0,0.3333333333333333,0.6666666666666666,0.2627118644067796,0.7291666666666667,0.3929961089494164,0.23193010325655283,0.35064935064935066,0.5813953488372093,0.388351698,0.8729689807976367,0.7857142857142858,0.2521008403361345,0.25210084033613445
0,0.3333333333333333,1,0.21334745762711868,0.5520833333333335,0.3560311284046692,0.29706115965051627,0.5324675324675324,0.5813953488372093,0.5075331684281537,0.9431948510659626,0.7857142857142858,0.2521008403361345,0.25210084033613445
0,0.358974359,0,0.6567796610169491,0.5416666666666669,0.37354085603112847,0.36139793486894367,0.6190476190476191,0.7209302325581395,0.48032381380706096,0.9496428118651913,0.7500000000000002,0.8403361344537816,0.8403361344537815
0,0.358974359,0.3333333333333333,0.5466101694915255,0.5104166666666667,0.5311284046692607,0.5377283558379665,0.6536796536796537,0.7209302325581395,0.3712615246233417,1,0.7500000000000002,0.8403361344537816,0.8403361344537815
0,0.358974359,0.6666666666666666,0.4957627118644068,0.5625000000000001,0.37354085603112847,0.3804606830818109,0.6536796536796537,0.7209302325581395,0.5567798515853386,0.9324600429864054,0.7500000000000002,0.8403361344537816,0.8403361344537815
0,0.358974359,1,0.5663135593220339,0.5380208333333335,0.4260700389105058,0.426528991,0.6406926406926406,0.7209302325581395,0.5231616820328312,0.9027145118920209,0.7500000000000002,0.8403361344537816,0.8403361344537815
0,0.38461538461538464,0,0.6525423728813561,0.46875,0.6770428015564202,0.8308181096108022,0.8311688311688311,0.7674418604651163,0,0.8886716964888538,0.7500000000000002,0.2521008403361345,0.25210084033613445
0,0.38461538461538464,0.3333333333333333,0.5762711864406779,0.5833333333333334,0.23151750972762647,0.2692613185067514,0.7316017316017316,0.5581395348837209,0.054868450640881444,0.8699705463519048,0.7500000000000002,0.2521008403361345,0.25210084033613445
0,0.38461538461538464,0.6666666666666666,0.5508474576271185,0.4895833333333335,0.6906614785992218,0.7505957108816521,0.7186147186147187,0.7209302325581395,0.040251855183269444,0.7851387328739861,0.7500000000000002,0.2521008403361345,0.25210084033613445
0,0.38461538461538464,1,0.5932203389830507,0.5140625000000001,0.5330739299610895,0.6168784749801429,0.761904762,0.6825581395348836,0.088711491,0.7880251314210573,0.7500000000000002,0.2521008403361345,0.25210084033613445
0,0.41025641025641024,0,0.3347457627118644,0.38541666666666663,0.3346303501945526,0.36219221604447976,0.6969696969696969,0.44186046511627913,0.1937261074881942,0.7953045165208726,0.7500000000000002,0.33613445378151263,0.33613445378151263
0,0.41025641025641024,0.3333333333333333,0.5508474576271185,0.6354166666666666,0.095330739,0.3764892772041302,0.6969696969696969,0.5348837209302325,0.23330335057342028,0.8764244037773786,0.7500000000000002,0.33613445378151263,0.33613445378151263
0,0.41025641025641024,0.6666666666666666,0.4915254237288135,0.5625000000000001,0.43385214007782097,0.443208896,0.658008658,0.44186046511627913,0.27389251180571156,0.859498138,0.7500000000000002,0.33613445378151263,0.33613445378151263
0,0.41025641025641024,1,0.45911016949152533,0.5276041666666667,0.28793774319066145,0.39396346306592533,1,0.4732558139534883,0.2973914998875645,0.835861512,0.7500000000000002,0.33613445378151263,0.33613445378151263
0,0.4358974358974359,0,0.30932203389830515,0.4270833333333333,0.9357976653696498,0.8173153296266878,0.5367965367965368,0.6046511627906976,0.18259500787047458,0.7427862148671638,0.7500000000000002,0.084033613,0.084033613
0,0.4358974358974359,0.3333333333333333,0.4830508474576273,0.28125,0.5136186770428015,0.5091342335186655,0.6363636363636365,0.6046511627906976,0.24690802788396682,0.6953478567237755,0.7500000000000002,0.084033613,0.084033613
0,0.4358974358974359,0.6666666666666666,0.5084745762711863,0.4895833333333335,0.7120622568093385,0.7315329626687846,0.6666666666666666,0.627906977,0.16988981335731937,0.6565126762722707,0.7500000000000002,0.084033613,0.084033613
0,0.4358974358974359,1,0.43368644067796597,0.3994791666666666,0.7205252918287938,0.6859809372517872,0.6147186147186147,0.6127906976744186,0.16393073982460069,0.6827467664375827,0.7500000000000002,0.084033613,0.084033613
0,0.46153846153846156,0,0.38559322,0.4895833333333335,0.19066147859922178,0.1660047656870532,0.5670995670995671,0.4186046511627907,0.45412637733303335,0.7291119386043275,0.7500000000000002,0.33613445378151263,0.33613445378151263
0,0.46153846153846156,0.3333333333333333,0.6398305084745762,0.45833333333333337,0.1867704280155642,0.1771247021445592,0.6103896103896105,0.3953488372093023,0.5764560377782776,0.6910963892009186,0.7500000000000002,0.33613445378151263,0.33613445378151263
0,0.46153846153846156,0.6666666666666666,0.34322033898305077,0.45833333333333337,0.12645914396887165,0.12470214455917396,0.6277056277056278,0.3488372093023256,0.599055543,0.6292909012108722,0.7500000000000002,0.33613445378151263,0.33613445378151263
0,0.46153846153846156,1,0.4561440677966101,0.46875,0.16799610894941636,0.15595710881652103,0.6017316017316018,0.38720930232558143,0.5725208005396896,0.6839113501210283,0.7500000000000002,0.33613445378151263,0.33613445378151263
0,0.48717948717948717,0,0.4025423728813558,0.625,0.11867704280155641,0.12311358220810166,0.645021645,0.48837209302325574,0.3596806836069261,0.5342254928842463,0.7500000000000002,0.33613445378151263,0.33613445378151263
0,0.48717948717948717,0.3333333333333333,0.38559322,0.45833333333333337,0.12840466926070038,0.14694201747418587,0.6926406926406926,0.46511627906976744,0.4471553856532495,0.5140708243778322,0.7500000000000002,0.33613445378151263,0.33613445378151263
0,0.48717948717948717,0.6666666666666666,0.4067796610169491,0.5729166666666667,0.16342412451361868,0.1493248610007943,0.5930735930735931,0.372093023,0.508882393,0.5023158999578391,0.7500000000000002,0.33613445378151263,0.33613445378151263
0,0.48717948717948717,1,0.3983050847457628,0.5520833333333335,0.13686770428015568,0.1397934868943606,0.645021645,0.44186046511627913,0.577355521,0.5586817502366022,0.7500000000000002,0.33613445378151263,0.33613445378151263
0,0.5128205128205128,0,0.5847457627118645,0.5625000000000001,0.10700389105058367,0.12311358220810166,0.6883116883116882,0.32558139534883723,0.21396447042950306,0.8492262152209612,0.7500000000000002,0.33613445378151263,0.33613445378151263
0,0.5128205128205128,0.3333333333333333,0.4491525423728813,0.5937500000000001,0.20817120622568097,0.21048451151707703,0.6406926406926406,0.3023255813953489,0.31740499212952544,0.7755065939022987,0.7500000000000002,0.33613445378151263,0.33613445378151263
0,0.5128205128205128,0.6666666666666666,0.4957627118644068,0.47916666666666663,0.4630350194552529,0.4710087370929309,0.6536796536796537,0.3953488372093023,0.28929615471104103,0.7269685149641633,0.7500000000000002,0.33613445378151263,0.33613445378151263
0,0.5128205128205128,1,0.5099576271186441,0.5453125000000002,0.2594357976653696,0.2681890389197776,0.6623376623376624,0.34069767441860466,0.2546660670114685,0.7691972038198345,0.7500000000000002,0.33613445378151263,0.33613445378151263
0,0.5384615384615384,0,0.4915254237288135,0.53125,0.3385214007782101,0.3351866560762509,0.6320346320346321,0.5116279069767441,0.2838992579266922,0.2043269443387966,0,1,1
0,0.5384615384615384,0.3333333333333333,0.5720338983050847,0.4895833333333335,0.20038910505836574,0.2088959491660048,0.658008658,0.3953488372093023,0.32156510006746114,0.092494479,0,1,1
0,0.5384615384615384,0.6666666666666666,0.11864406779661021,0.39583333333333337,0,0.030182684670373317,0.7792207792207794,0.48837209302325574,0.31740499212952544,0.07609891,0,1,1
0,0.5384615384615384,1,0.39406779661016955,0.47239583333333335,0.17966926070038913,0.19142176330420968,0.6926406926406926,0.46511627906976744,0.36653923993703613,0,0,1,1
0,0.5641025641025641,0,0.34322033898305077,0.44791666666666674,0.3560311284046692,0.36298649722001586,0.6536796536796537,0.5813953488372093,0.45401394198335954,0.41391662760151776,0.42857142857142866,0.8403361344537816,0.8403361344537815
0,0.5641025641025641,0.3333333333333333,0.38559322,0.34375000000000006,0.5194552529182879,0.5274027005559968,0.6536796536796537,0.5348837209302325,0.3512480323813808,0.4131648077552429,0.42857142857142866,0.8403361344537816,0.8403361344537815
0,0.5641025641025641,0.6666666666666666,0.6271186440677967,0.5208333333333334,0.35408560311284054,0.4019062748212867,0.7316017316017316,0.46511627906976744,0.36462783899257933,0.38974045999581336,0.42857142857142866,0.8403361344537816,0.8403361344537815
0,0.5641025641025641,1,0.4519067796610171,0.43749999999999994,0.4098249027237354,0.43077839555202546,0.6796536796536796,0.5267441860465115,0.3512480323813808,0.3879832653747158,0.42857142857142866,0.8403361344537816,0.8403361344537815
0,0.5897435897435898,0,0.45762711864406785,0.5208333333333334,0.2665369649805448,0.29150119142176334,0.6969696969696969,0.5116279069767441,0.30211378457387006,0.33996408954616614,0.49999999999999983,0.4201680672268908,0.42016806722689076
0,0.5897435897435898,0.3333333333333333,0.5127118644067796,0.46875,0.23346303501945528,0.2533756949960286,0.683982684,0.48837209302325574,0.3445019114009443,0.5010039006182613,0.49999999999999983,0.4201680672268908,0.42016806722689076
0,0.5897435897435898,0.6666666666666666,0.4110169491525424,0.44791666666666674,0.4027237354085604,0.41540905480540113,0.6623376623376624,0.627906977,0.1266022037328535,0.3585767902894359,0.49999999999999983,0.4201680672268908,0.42016806722689076
0,0.5897435897435898,1,0.46038135593220336,0.47916666666666663,0.300875486,0.32009531374106437,0.683982684,0.5430232558139535,0.1306498763211154,0.32734825769436016,0.49999999999999983,0.4201680672268908,0.42016806722689076
0,0.6153846153846154,0,0.39406779661016955,0.43749999999999994,0.2509727626459144,0.1953931691818904,0.5064935064935064,0.3953488372093023,0.12502810883741855,0.38675087048944945,0.5357142857142857,0.6722689075630253,0.6722689075630253
0,0.6153846153846154,0.3333333333333333,0.4661016949152541,0.28125,0.17704280155642024,0.19857029388403494,0.6969696969696969,0.4186046511627907,0.097144142,0.373221062,0.5357142857142857,0.6722689075630253,0.6722689075630253
0,0.6153846153846154,0.6666666666666666,0.38559322,0.3541666666666667,0.2626459143968872,0.2835583796664019,0.6883116883116882,0.4186046511627907,0.082077805,0.36994253737723953,0.5357142857142857,0.6722689075630253,0.6722689075630253
0,0.6153846153846154,1,0.41525423728813565,0.35781250000000003,0.23025291828793773,0.22585385226370136,0.6277056277056278,0.4104651162790698,0.1425680233865528,0.3926474967347432,0.5357142857142857,0.6722689075630253,0.6722689075630253
0,0.6410256410256411,0,0.5042372881355933,0.6354166666666666,0.25875486381322954,0.20015885623510724,0.5021645021645023,0.3953488372093023,0.39386102990780303,0.4560303322454058,0.5357142857142857,0.2521008403361345,0.25210084033613445
0,0.6410256410256411,0.3333333333333333,0.6440677966101696,0.4895833333333335,0.2198443579766537,0.1397934868943606,0.4329004329004329,0.4186046511627907,0.3450640881493141,0.464135245,0.5357142857142857,0.2521008403361345,0.25210084033613445
0,0.6410256410256411,0.6666666666666666,0.6610169491525424,0.5416666666666669,0.27237354085603116,0.1938046068308181,0.4588744588744589,0.5116279069767441,0.43107713064987635,0.39854412298003694,0.5357142857142857,0.2521008403361345,0.25210084033613445
0,0.6410256410256411,1,0.6031779661016948,0.5557291666666668,0.2502918287937743,0.1779189833200953,0.4632034632034631,0.44186046511627913,0.5165279964020688,0.42507894108385885,0.5357142857142857,0.2521008403361345,0.25210084033613445
0,0.6666666666666666,0,0.4745762711864407,0.5520833333333335,0.4260700389105058,0.38443208895949166,0.5714285714285714,0.5348837209302325,0.5961322239712167,0.4135421918349416,0.6071428571428572,0.33613445378151263,0.33613445378151263
0,0.6666666666666666,0.3333333333333333,0.444915254,0.41666666666666663,0.5583657587548637,0.522637014,0.5930735930735931,0.5348837209302325,0.5475601529120755,0.4091521535953204,0.6071428571428572,0.33613445378151263,0.33613445378151263
0,0.6666666666666666,0.6666666666666666,0.16949152542372883,0.3333333333333333,0.30544747081712065,0.32644956314535345,0.683982684,0.5116279069767441,0.5872498313469754,0.39405973872049105,0.6071428571428572,0.33613445378151263,0.33613445378151263
0,0.6666666666666666,1,0.3629237288135594,0.4338541666666666,0.42996108949416345,0.4111596505162828,0.6147186147186147,0.5267441860465115,0.6477400494715537,0.4542141713618554,0.6071428571428572,0.33613445378151263,0.33613445378151263
0,0.6923076923076923,0,0.11440677966101694,0.53125,0.12451361867704282,0.15250198570293885,0.7229437229437229,0.6046511627906976,0.097818754,0.40542548580829485,0.6071428571428572,0.504201681,0.5042016806722689
0,0.6923076923076923,0.3333333333333333,0.16101694915254242,0.5625000000000001,0.14202334630350194,0.12311358220810166,0.5714285714285714,0.5348837209302325,0.23330335057342028,0.34618503,0.6071428571428572,0.504201681,0.5042016806722689
0,0.6923076923076923,0.6666666666666666,0.097457627,0.43749999999999994,0.11867704280155641,0,0.2337662337662338,0.5581395348837209,0.16662918821677528,0.4312468121364362,0.6071428571428572,0.504201681,0.5042016806722689
0,0.6923076923076923,1,0.12436440677966097,0.5104166666666667,0.12840466926070038,0.091858618,0.5108225108225108,0.5662790697674418,0.2880593658646279,0.3916214837680621,0.6071428571428572,0.504201681,0.5042016806722689
0,0.717948718,0,0.3813559322033897,0.44791666666666674,0.2782101167315175,0.1834789515488483,0.42857142857142855,0.5116279069767441,0.33618169552507315,0.5968948366192284,0.6071428571428572,0.33613445378151263,0.33613445378151263
0,0.717948718,0.3333333333333333,0.5211864406779662,0.5208333333333334,0.27431906614785995,0.16918189038919781,0.4025974025974027,0.372093023,0.35293456262648965,0.6659148468203917,0.6071428571428572,0.33613445378151263,0.33613445378151263
0,0.717948718,0.6666666666666666,0.444915254,0.46875,0.1867704280155642,0.1755361397934869,0.606060606,0.3953488372093023,0.24893186417809746,0.533367534,0.6071428571428572,0.33613445378151263,0.33613445378151263
0,0.717948718,1,0.4491525423728813,0.47916666666666663,0.24640077821011674,0.17605242255758538,0.4761904761904762,0.4267441860465117,0.2452214976388577,0.5694460414473859,0.6071428571428572,0.33613445378151263,0.33613445378151263
0,0.7435897435897436,0,0.2838983050847458,0.3229166666666667,0.5389105058365758,0.4876886417791898,0.5714285714285714,0.5348837209302325,0.05318192,0.25448659549438785,0.6071428571428572,0.4201680672268908,0.42016806722689076
0,0.7435897435897436,0.3333333333333333,0.4025423728813558,0.40625,0.3871595330739299,0.32962668784749805,0.5367965367965368,0.5116279069767441,0.094558129,0.2815167302028145,0.6071428571428572,0.4201680672268908,0.42016806722689076
0,0.7435897435897436,0.6666666666666666,0.34322033898305077,0.375,0.5972762645914397,0.5107227958697379,0.5281385281385282,0.5348837209302325,0.055205757,0.23302287596151866,0.6071428571428572,0.4201680672268908,0.42016806722689076
0,0.7435897435897436,1,0.34322033898305077,0.36822916666666666,0.5077821011673153,0.44269261318506753,0.5454545454545455,0.5267441860465115,0.022374634585113663,0.25103117251464574,0.6071428571428572,0.4201680672268908,0.42016806722689076
0,0.7692307692307693,0,0.16101694915254242,0.39583333333333337,0.2509727626459144,0.23272438443208898,0.5930735930735931,0.46511627906976744,0.9036429053294357,0.44224991671015423,0.6428571428571428,0.5882352941176471,0.5252100840336135
0,0.7692307692307693,0.3333333333333333,0.15677966101694912,0.18750000000000003,0.3015564202334631,0.28117553613979346,0.5974025974025974,0.3488372093023256,0.8514729030807285,0.5010039006182613,0.6428571428571428,0.5882352941176471,0.5252100840336135
0,0.7692307692307693,0.6666666666666666,0.072033898,0.44791666666666674,0.12062256809338524,0.073073868,0.4718614718614718,0.27906976744186046,1,0.49133638188910217,0.6428571428571428,0.5882352941176471,0.5252100840336135
0,0.7692307692307693,1,0.1298728813559321,0.34375000000000006,0.2244163424124514,0.195671168,0.5541125541125542,0.363953488,0.7661344726782099,0.4561305748915758,0.6428571428571428,0.5882352941176471,0.5252100840336135
0,0.7948717948717948,0,0.4745762711864407,0.5416666666666669,0.29571984435797666,0.1977760127084988,0.42857142857142855,0.4186046511627907,0.37980661119856085,0.5387069288306695,0.6428571428571428,0.084033613,0.084033613
0,0.7948717948717948,0.3333333333333333,0.37288135593220345,0.5000000000000001,0.40077821011673154,0.2565528196981732,0.38528138528138534,0.5581395348837209,0.3247132898583314,0.3896490622890113,0.6428571428571428,0.084033613,0.084033613
0,0.7948717948717948,0.6666666666666666,0.326271186,0.5104166666666667,0.27237354085603116,0.15726767275615572,0.37662337662337664,0.46511627906976744,0.3692376883292108,0.5127765149169902,0.6428571428571428,0.084033613,0.084033613
0,0.7948717948717948,1,0.39131355932203377,0.5171875,0.3229571984435798,0.20385226370135026,0.3982683982683983,0.4802325581395349,0.3428153811558355,0.4117643590219856,0.6428571428571428,0.084033613,0.084033613
0,0.8205128205128205,0,0.5000000000000001,0.47916666666666663,0.21400778210116736,0.052422557585385235,0.22077922077922077,0.372093023,0.038115583539464655,0.4010973621442491,0.6785714285714284,0.33613445378151263,0.33613445378151263
0,0.8205128205128205,0.3333333333333333,0.45762711864406785,0.5104166666666667,0.3326848249027238,0.32962668784749805,0.6320346320346321,0.3953488372093023,0.16078255003373074,0.3641019290812761,0.6785714285714284,0.33613445378151263,0.33613445378151263
0,0.8205128205128205,0.6666666666666666,0.4194915254237289,0.5000000000000001,0.16147859922178986,0.1739475774424146,0.6709956709956711,0.27906976744186046,0.1694400719586237,0.3709508604651848,0.6785714285714284,0.33613445378151263,0.33613445378151263
0,0.8205128205128205,1,0.45911016949152533,0.49635416666666676,0.23608949416342412,0.1853455123113582,0.5064935064935064,0.3488372093023256,0.14863953226894536,0.37452421596983293,0.6785714285714284,0.33613445378151263,0.33613445378151263
0,0.8461538461538461,0,0.18220338983050852,0.31249999999999994,0.2276264591439689,0.20015885623510724,0.5670995670995671,0.27906976744186046,0.6341353721610075,0.3979692019211209,0.714285714,0.6722689075630253,0.6722689075630253
0,0.8461538461538461,0.3333333333333333,0.25423728813559326,0.4270833333333333,0.30544747081712065,0.29706115965051627,0.6233766233766234,0.372093023,0.5003373060490218,0.4188373622032154,0.714285714,0.6722689075630253,0.6722689075630253
0,0.8461538461538461,0.6666666666666666,0.24999999999999997,0.38541666666666663,0.14591439688715957,0.11834789515488481,0.5454545454545455,0.3953488372093023,0.514166854,0.3885788246254905,0.714285714,0.6722689075630253,0.6722689075630253
0,0.8461538461538461,1,0.22881355932203387,0.375,0.22636186770428016,0.2052025416997617,0.58008658,0.3488372093023256,0.6089498538340454,0.4064131707043815,0.714285714,0.6722689075630253,0.6722689075630253
0,0.8717948717948718,0,0.22881355932203387,0.4270833333333333,0.083657588,0.08816521,0.645021645,0.2558139534883721,0.25882617494940424,0.23400761254448263,0.714285714,0.6722689075630253,0.6722689075630253
0,0.8717948717948718,0.3333333333333333,0.29237288135593215,0.41666666666666663,0.2782101167315175,0.3018268467037331,0.6926406926406926,0.44186046511627913,0.23735102316168188,0.2607930372637296,0.714285714,0.6722689075630253,0.6722689075630253
0,0.8717948717948718,0.6666666666666666,0.19915254237288135,0.31249999999999994,0.28210116731517515,0.29150119142176334,0.658008658,0.46511627906976744,0.21284011693276375,0.27225607868458057,0.714285714,0.6722689075630253,0.6722689075630253
0,0.8717948717948718,1,0.2400423728813559,0.38541666666666663,0.21468871595330744,0.227164416,0.6666666666666666,0.38720930232558143,0.2073307847987407,0.21539491180121298,0.714285714,0.6722689075630253,0.6722689075630253
0,0.8974358974358975,0,0.4067796610169491,0.6875,0.12451361867704282,0.12073073868149327,0.6190476190476191,0.4186046511627907,0.34618844164605345,0.5219457687284221,0.857142857,0.084033613,0.084033613
0,0.8974358974358975,0.3333333333333333,0.4830508474576273,0.5000000000000001,0.20233463035019456,0.13264495631453535,0.45021645021645024,0.27906976744186046,0.27186867551158095,0.46889677071263675,0.857142857,0.084033613,0.084033613
0,0.8974358974358975,0.6666666666666666,0.444915254,0.39583333333333337,0.43968871595330744,0.05401112,0,0.3488372093023256,0.2178997076680908,0.5250179110022201,0.857142857,0.084033613,0.084033613
0,0.8974358974358975,1,0.444915254,0.5276041666666667,0.25554474708171204,0.10246227164416202,0.354978355,0.3488372093023256,0.24510906228918386,0.48483240314054316,0.857142857,0.084033613,0.084033613
0,0.9230769230769231,0,0.3347457627118644,0.375,0.4221789883268483,0.40826052422557585,0.6190476190476191,0.2093023255813954,0.402968293,0.51227825,0.857142857,0,0
0,0.9230769230769231,0.3333333333333333,0.3983050847457628,0.38541666666666663,0.35408560311284054,0.32486100079428115,0.5844155844155844,0.2558139534883721,0.39262424106138955,0.5800599686889146,0.857142857,0,0
0,0.9230769230769231,0.6666666666666666,0.4279661016949152,0.3229166666666667,0.27431906614785995,0.2732327243844321,0.6363636363636365,0.2558139534883721,0.22644479424330996,0.502374866,0.857142857,0,0
0,0.9230769230769231,1,0.3870762711864408,0.3609375,0.3501945525291829,0.3354646544876887,0.6147186147186147,0.2406976744186047,0.3225770182145266,0.6068778248525106,0.857142857,0,0
0,0.9487179487179487,0,0.3686440677966102,0.41666666666666663,0.3249027237354086,0.3780778395552025,0.7489177489177489,0.3488372093023256,0.5355295704969643,0.6602216541805607,0.8928571428571426,0.504201681,0.5042016806722689
0,0.9487179487179487,0.3333333333333333,0.22881355932203387,0.38541666666666663,0.11478599221789884,0.1580619539316918,0.7792207792207794,0.32558139534883723,0.5319316393073983,0.6452206370125333,0.8928571428571426,0.504201681,0.5042016806722689
0,0.9487179487179487,0.6666666666666666,0.30084745762711856,0.39583333333333337,0.2704280155642024,0.2978554408260524,0.7012987012987013,0.32558139534883723,0.47189116258151564,0.6537913832600677,0.8928571428571426,0.504201681,0.5042016806722689
0,0.9487179487179487,1,0.299364407,0.3994791666666666,0.23667315175097278,0.2779984114376489,0.7402597402597402,0.33372093023255817,0.5932089048796941,0.6943719650801794,0.8928571428571426,0.504201681,0.5042016806722689
0,0.9743589743589743,0,0.33898305084745767,0.39583333333333337,0.311284047,0.2779984114376489,0.5714285714285714,0.44186046511627913,0.27928940859006074,0.6152480858077052,0.9285714285714288,0.084033613,0.084033613
0,0.9743589743589743,0.3333333333333333,0.3347457627118644,0.47916666666666663,0.14396887159533076,0.12549642573471012,0.5757575757575758,0.3953488372093023,0.2805261974364739,0.6712129655017881,0.9285714285714288,0.084033613,0.084033613
0,0.9743589743589743,0.6666666666666666,0.27118644067796605,0.4270833333333333,0.23735408560311286,0.33121525019857023,0.8658008658008658,0.372093023,0.2660220373285361,0.5871948864457202,0.9285714285714288,0.084033613,0.084033613
0,0.9743589743589743,1,0.3150423728813559,0.4338541666666666,0.2308365758754864,0.2449166004765687,0.6709956709956711,0.4034883720930233,0.2982909826849562,0.6721947537716295,0.9285714285714288,0.084033613,0.084033613
0,1,0,0.3601694915254236,0.3229166666666667,0.12840466926070038,0.089753773,0.5064935064935064,0.27906976744186046,0.3376433550708343,0.5915141651703978,1,0.2100840336134454,0.21008403361344538
0,1,0.3333333333333333,0.41525423728813565,0.3229166666666667,0.18287937743190663,0.046068308,0.25108225108225113,0.27906976744186046,0.33820553181920376,0.614732131,1,0.2100840336134454,0.21008403361344538
0,1,0.6666666666666666,0.47881355932203395,0.2916666666666667,0.14980544747081714,0.1318506751389992,0.58008658,0.27906976744186046,0.36001798965594795,0.6838523838585753,1,0.2100840336134454,0.21008403361344538
0,1,1,0.41800847457627116,0.31249999999999994,0.15369649805447472,0.08923749,0.4458874458874459,0.27906976744186046,0.31684281538115594,0.6583819067920289,1,0.2100840336134454,0.21008403361344538
0,1.0256410256410255,0,0.3704449152542373,0.4796875,0.3692607003891051,0.3459888800635425,0.5717532467532467,0.516860465,0.3944456937261075,0.5631064311554145,0.6580357142857143,0.4420168067226891,0.43886554621848733
0,1.0256410256410255,0.3333333333333333,0.41853813559322034,0.47890625,0.3475194552529183,0.3278991262907069,0.5936147186147187,0.5156976744186046,0.38945918596806833,0.5682364222809919,0.6580357142857143,0.4420168067226891,0.43886554621848733
0,1.0256410256410255,0.6666666666666666,0.3795550847457627,0.4921875,0.3853112840466927,0.3678316123907863,0.5767316017316018,0.508139535,0.3910136046773105,0.5465351424182654,0.6580357142857143,0.4420168067226891,0.43886554621848733
0,1.0256410256410255,1,0.38951800847457624,0.48359375,0.36736624513618676,0.3472398729150119,0.5885281385281385,0.513546512,0.40946705644254555,0.5513090510264552,0.6580357142857143,0.4420168067226891,0.43886554621848733
1,0,0,0.6101694915254239,0.45833333333333337,0.1867704280155642,0.2049245432883241,0.683982684,0.1627906976744186,0.3980211378457388,0.45667164106056723,0.49999999999999983,0.8403361344537816,0.8403361344537815
1,0,0.3333333333333333,0.6991525423728813,0.38541666666666663,0.48443579766536965,0.5011914217633042,0.6709956709956711,0.3023255813953489,0.47829997751292996,0.5006370897790828,0.49999999999999983,0.8403361344537816,0.8403361344537815
1,0,0.6666666666666666,0.37288135593220345,0.31249999999999994,0.2898832684824903,0.31215250198570293,0.6883116883116882,0.4186046511627907,0.26579716662918806,0.5281580679114445,0.49999999999999983,0.8403361344537816,0.8403361344537815
1,0,1,0.5608050847457626,0.38541666666666663,0.320330739,0.3394360603653694,0.6796536796536796,0.29418604651162794,0.38745221497638865,0.48784073300960856,0.49999999999999983,0.8403361344537816,0.8403361344537815
1,0.025641026,0,0.6101694915254239,0.45833333333333337,0.1867704280155642,0.2049245432883241,0.683982684,0.1627906976744186,0.43321340229368116,0.5043089257231476,0.49999999999999983,0.33613445378151263,0.33613445378151263
1,0.025641026,0.3333333333333333,0.6991525423728813,0.38541666666666663,0.48443579766536965,0.5011914217633042,0.6709956709956711,0.3023255813953489,0.4758263998201034,0.5405308163584205,0.49999999999999983,0.33613445378151263,0.33613445378151263
1,0.025641026,0.6666666666666666,0.37288135593220345,0.31249999999999994,0.2898832684824903,0.31215250198570293,0.6883116883116882,0.4186046511627907,0.4284911176073756,0.49467438063312075,0.49999999999999983,0.33613445378151263,0.33613445378151263
1,0.025641026,1,0.5608050847457626,0.38541666666666663,0.320330739,0.3394360603653694,0.6796536796536796,0.29418604651162794,0.39476051270519436,0.5364370664874092,0.49999999999999983,0.33613445378151263,0.33613445378151263
1,0.051282051,0,0.008474576,0.15624999999999997,0.044747082,0.000794281,0.4329004329004329,0.11627906976744186,0.6700022487069935,0.623120861,0.5357142857142857,0.6722689075630253,0.6722689075630253
1,0.051282051,0.3333333333333333,0,0.052083333,0.12062256809338524,0.08816521,0.5238095238095238,0.13953488372093026,0.6632561277265574,0.5594406867210925,0.5357142857142857,0.6722689075630253,0.6722689075630253
1,0.051282051,0.6666666666666666,0.016949152542372822,0.18750000000000003,0.056420233,0.014297061159650522,0.45021645021645024,0.13953488372093026,0.6327861479649202,0.6017743965540115,0.5357142857142857,0.6722689075630253,0.6722689075630253
1,0.051282051,1,0.008474576,0.13177083333333336,0.073929961,0.034432088959491666,0.4675324675324676,0.1313953488372093,0.5977063188666516,0.6260827299610527,0.5357142857142857,0.6722689075630253,0.6722689075630253
1,0.076923077,0,0.3559322033898306,0.17708333333333331,0.2509727626459144,0.21445591739475772,0.5497835497835498,0.2558139534883721,0.68495615,0.6243239084607741,0.5357142857142857,0.5882352941176471,0.5882352941176471
1,0.076923077,0.3333333333333333,0.538135593,0.18750000000000003,0.23151750972762647,0.19142176330420968,0.5367965367965368,0.2093023255813954,0.7764785248482123,0.5880545738655628,0.5357142857142857,0.5882352941176471,0.5882352941176471
1,0.076923077,0.6666666666666666,0.35169491525423735,0.09375,0.2509727626459144,0.21445591739475772,0.5497835497835498,0.046511628,0.7366764110636386,0.6361036054921178,0.5357142857142857,0.5882352941176471,0.5882352941176471
1,0.076923077,1,0.41525423728813565,0.1526041666666667,0.24445525291828793,0.9766878474980143,0.5497835497835498,0.17093023255813958,0.6846188441646052,0.6409412112259971,0.5357142857142857,0.5882352941176471,0.5882352941176471
1,0.10256410256410256,0,0.6101694915254239,0.44791666666666674,0.2918287937743191,0.2057188244638602,0.45021645021645024,0.3023255813953489,0.5277715313694625,0.6620284279299599,0.6071428571428572,0.7563025210084034,0.7563025210084033
1,0.10256410256410256,0.3333333333333333,0.7203389830508474,0.6770833333333334,0.2840466926070039,0.21604447974583005,0.4891774891774891,0.13953488372093026,0.6560602653474252,0.7197831710286958,0.6071428571428572,0.7563025210084034,0.7563025210084033
1,0.10256410256410256,0.6666666666666666,0.690677966,0.625,0.3871595330739299,0.34789515488482925,0.090909091,0.48837209302325574,0.6558353946480772,0.6626079238863484,0.6071428571428572,0.7563025210084034,0.7563025210084033
1,0.10256410256410256,1,0.6737288135593222,0.5833333333333334,0.321011673,0.2565528196981732,0.341991342,0.31046511627906975,0.6334607600629638,0.7081170008579591,0.6071428571428572,0.7563025210084034,0.7563025210084033
1,0.1282051282051282,0,0.6228813559322034,0.5729166666666667,0.35408560311284054,0.4837172359015091,0.8917748917748918,0.46511627906976744,0.5888239262424106,0.6300375361536897,0.6071428571428572,0.504201681,0.4411764705882353
1,0.1282051282051282,0.3333333333333333,0.5466101694915255,0.44791666666666674,0.37548638132295714,0.36616362192216045,0.6233766233766234,0.3023255813953489,0.5321565100067459,0.5771508984984242,0.6071428571428572,0.504201681,0.4411764705882353
1,0.1282051282051282,0.6666666666666666,0.7669491525423728,0.4270833333333333,0.23151750972762647,0.34233518665607626,0.9134199134199134,0.2558139534883721,0.47515178772205974,0.561921336,0.6071428571428572,0.504201681,0.4411764705882353
1,0.1282051282051282,1,0.645550847,0.4828125,0.320330739,0.39741858617950754,0.8095238095238095,0.34069767441860466,0.5049471553856533,0.6087080155788865,0.6071428571428572,0.504201681,0.4411764705882353
1,0.15384615384615385,0,0.5635593220338984,0.5208333333333334,0.2198443579766537,0.23510722795869737,0.6753246753246753,0.1627906976744186,0.9689678434899933,0.3345860615548813,0.6071428571428572,0.504201681,0.5042016806722689
1,0.15384615384615385,0.3333333333333333,0.6483050847457628,0.1354166666666667,0.22373540856031132,0.077045274,0.2683982683982684,0.23255813953488372,0.8982460085450864,0.3313768056206641,0.6071428571428572,0.504201681,0.5042016806722689
1,0.15384615384615385,0.6666666666666666,0.7330508474576272,0.3229166666666667,0.21789883268482493,0.17235901509134235,0.5194805194805195,0.13953488372093026,0.8304474926917021,0.3535908201322614,0.6071428571428572,0.504201681,0.5042016806722689
1,0.15384615384615385,1,0.6483050847457628,0.32656250000000003,0.22052529182879377,0.16151707704527402,0.4891774891774891,0.17790697674418604,0.9302900832021589,0.324836295,0.6071428571428572,0.504201681,0.5042016806722689
1,0.1794871794871795,0,0.6398305084745762,0.5104166666666667,0.28793774319066145,0.1540905480540111,0.3463203463203463,0.4186046511627907,0.5075331684281537,0.41670674839390637,0.6071428571428572,0.7563025210084034,0.7563025210084033
1,0.1794871794871795,0.3333333333333333,0.6271186440677967,0.53125,0.21400778210116736,0.187450357,0.5670995670995671,0.27906976744186046,0.525522824,0.4514805768079793,0.6071428571428572,0.7563025210084034,0.7563025210084033
1,0.1794871794871795,0.6666666666666666,0.6694915254237289,0.5416666666666669,0.22568093385214008,0.12311358220810166,0.380952381,0.44186046511627913,0.7451090622891838,0.47787407931551956,0.6071428571428572,0.7563025210084034,0.7563025210084033
1,0.1794871794871795,1,0.645550847,0.5276041666666667,0.24250972762645917,0.15488482922954724,0.4329004329004329,0.3802325581395349,0.5525073082977286,0.4829675443794832,0.6071428571428572,0.7563025210084034,0.7563025210084033
1,0.20512820512820512,0,0.4025423728813558,0.31249999999999994,0.17315175097276267,0.14535345512311362,0.5541125541125542,0.372093023,0.8297728805936588,0.5851960657709692,0.6428571428571428,0.504201681,0.5042016806722689
1,0.20512820512820512,0.3333333333333333,0.5889830508474577,0.40625,0.24124513618677043,0.26052422557585386,0.683982684,0.3023255813953489,0.7630987182370138,0.6144978925457799,0.6428571428571428,0.504201681,0.5042016806722689
1,0.20512820512820512,0.6666666666666666,0.7669491525423728,0.375,0.17315175097276267,0.15726767275615572,0.5887445887445887,0.2093023255813954,0.719586238,0.6174512891499129,0.6428571428571428,0.504201681,0.5042016806722689
1,0.20512820512820512,1,0.586228814,0.3645833333333333,0.1958171206225681,0.18772835583796663,0.6103896103896105,0.29418604651162794,0.7273442770407016,0.5640766549618635,0.6428571428571428,0.504201681,0.5042016806722689
1,0.23076923076923078,0,0.4322033898305085,0.53125,0.27626459143968873,0.2692613185067514,0.6233766233766234,0.4186046511627907,0.8007645603777828,0.46652815697998384,0.6428571428571428,0.084033613,0.084033613
1,0.23076923076923078,0.3333333333333333,0.31779661016949157,0.31249999999999994,0.22373540856031132,0.11675933280381257,0.367965368,0.372093023,0.86507758,0.4623090191846735,0.6428571428571428,0.084033613,0.084033613
1,0.23076923076923078,0.6666666666666666,0.27118644067796605,0.3229166666666667,0.2607003891050584,0.1294678316123908,0.3333333333333333,0.3953488372093023,0.7490442995277716,0.5138333327436707,0.6428571428571428,0.084033613,0.084033613
1,0.23076923076923078,1,0.3404661016949153,0.3890625,0.2535992217898833,0.1718427323272438,0.44155844155844154,0.3953488372093023,0.8410164155610526,0.4921107038507918,0.6428571428571428,0.084033613,0.084033613
1,0.2564102564102564,0,0.5762711864406779,0.7291666666666667,0.622568093,0.4733915806195393,0.45021645021645024,0.5813953488372093,0.8149314144366988,0.505422168,0.6785714285714284,0.504201681,0.5042016806722689
1,0.2564102564102564,0.3333333333333333,0.5084745762711863,0.375,0.8735408560311284,0.5250198570293884,0.6103896103896105,1,0.7774904429952778,0.5203704546593666,0.6785714285714284,0.504201681,0.5042016806722689
1,0.2564102564102564,0.6666666666666666,0.6271186440677967,0.5937500000000001,0.7801556420233463,0.4503574265289912,0.2900432900432901,0.627906977,0.8620418259500786,0.5583698051459857,0.6785714285714284,0.504201681,0.5042016806722689
1,0.2564102564102564,1,0.5705508474576272,0.5661458333333335,0.7587548638132295,0.482922955,0.45021645021645024,0.736046512,0.8168428153811559,0.4881575920537065,0.6785714285714284,0.504201681,0.5042016806722689
1,0.28205128205128205,0,0.4703389830508474,0.3020833333333333,1,0.9293089753772835,0.5844155844155844,0.3953488372093023,0.7067686080503709,0.6713969470217614,0.714285714,0.4201680672268908,0.42016806722689076
1,0.28205128205128205,0.3333333333333333,0.4067796610169491,0.4270833333333333,0.7762645914396887,0.21604447974583005,0.2640692640692641,0.5348837209302325,0.7870474477175624,0.6545390347812499,0.714285714,0.4201680672268908,0.42016806722689076
1,0.28205128205128205,0.6666666666666666,0.4618644067796612,0.3229166666666667,0.9124513618677043,0.8665607625099284,0.6017316017316018,0.5348837209302325,0.8492241960872499,0.6110259996992721,0.714285714,0.4201680672268908,0.42016806722689076
1,0.28205128205128205,1,0.4463983050847458,0.35052083333333334,0.8962062256809339,0.6706513105639397,0.48484848484848486,0.48837209302325574,0.8348324713289859,0.6923248870058997,0.714285714,0.4201680672268908,0.42016806722689076
1,0.3076923076923077,0,0.6864406779661018,0.5937500000000001,0.28793774319066145,0.10643367752184271,0.24242424242424243,0.3488372093023256,0.402968293,0.61877803,0.7500000000000002,0.4201680672268908,0.42016806722689076
1,0.3076923076923077,0.3333333333333333,0.7627118644067796,0.5520833333333335,0.24124513618677043,0.064336775,0.20779220779220778,0.372093023,0.4875196761861928,0.5650729813637128,0.7500000000000002,0.4201680672268908,0.42016806722689076
1,0.3076923076923077,0.6666666666666666,0.7245762711864406,0.45833333333333337,0.21206225680933855,0.020651310563939644,0.13852813852813856,0.3488372093023256,0.3899257926692153,0.5874191616766468,0.7500000000000002,0.4201680672268908,0.42016806722689076
1,0.3076923076923077,1,0.7245762711864406,0.5348958333333333,0.24708171206225685,0.063820492,0.1948051948051948,0.3569767441860466,0.42511805711715767,0.5922720172653216,0.7500000000000002,0.4201680672268908,0.42016806722689076
1,0.3333333333333333,0,0.23305084745762714,0.1354166666666667,0.34435797665369655,0.27720413026211277,0.5108225108225108,0.32558139534883723,0.6056892286935013,0.3951383130341975,0.7857142857142858,0.2521008403361345,0.25210084033613445
1,0.3333333333333333,0.3333333333333333,0.22457627118644072,0.1354166666666667,0.34241245136186776,0.32327243844320885,0.6017316017316018,0.23255813953488372,0.5863503485495841,0.3618427077897381,0.7857142857142858,0.2521008403361345,0.25210084033613445
1,0.3333333333333333,0.6666666666666666,0.29661016949152547,0.23958333333333337,0.2704280155642024,0.3018268467037331,0.70995671,0.32558139534883723,0.6109736901281764,0.4025989008688678,0.7857142857142858,0.2521008403361345,0.25210084033613445
1,0.3333333333333333,1,0.2514830508474576,0.17031250000000003,0.31906614785992216,0.30075456711675935,0.606060606,0.29418604651162794,0.519901057,0.4555651765892144,0.7857142857142858,0.2521008403361345,0.25210084033613445
1,0.358974359,0,0.4703389830508474,0.27083333333333337,0.8073929961089494,0.8610007942811756,0.7012987012987013,0.4186046511627907,0.6177198111086125,0.47006952151826337,0.7500000000000002,0.8403361344537816,0.8403361344537815
1,0.358974359,0.3333333333333333,0.597457627,0.375,0.63229572,0.6624305003971406,0.683982684,0.3488372093023256,0.6449291657297053,0.4827438791545417,0.7500000000000002,0.8403361344537816,0.8403361344537815
1,0.358974359,0.6666666666666666,0.5296610169491525,0.46875,0.5817120622568094,0.1294678316123908,0.4978354978354978,0.27906976744186046,0.6302001349224198,0.4520339784242446,0.7500000000000002,0.8403361344537816,0.8403361344537815
1,0.358974359,1,0.5324152542372882,0.37135416666666665,0.6738326848249027,0.5509531374106434,0.6277056277056278,0.3488372093023256,0.5498088599055544,0.5341614434351386,0.7500000000000002,0.8403361344537816,0.8403361344537815
1,0.38461538461538464,0,0.32203389830508466,0.31249999999999994,0.21206225680933855,0.1612390786338364,0.5021645021645023,0.372093023,0.11850685855633003,0.5840167405219104,0.7500000000000002,0.2521008403361345,0.25210084033613445
1,0.38461538461538464,0.3333333333333333,0.4745762711864407,0.28125,0.36770428,0.3574265289912629,0.6233766233766234,0.44186046511627913,0.007870474,0.5477592666955601,0.7500000000000002,0.2521008403361345,0.25210084033613445
1,0.38461538461538464,0.6666666666666666,0.3771186440677967,0.26041666666666663,0.3618677042801557,0.2406671961874504,0.4112554112554112,0.6046511627906976,0.038228019,0.5453701164878515,0.7500000000000002,0.2521008403361345,0.25210084033613445
1,0.38461538461538464,1,0.39131355932203377,0.28489583333333335,0.31391050583657587,0.25309769658459097,0.5108225108225108,0.4732558139534883,0.064650326,0.5652017583739464,0.7500000000000002,0.2521008403361345,0.25210084033613445
1,0.41025641025641024,0,0.24999999999999997,0.26041666666666663,0.3560311284046692,0.3606036536934074,0.6493506493506493,0.372093023,0.24016190690353031,0.5133995577530316,0.7500000000000002,0.33613445378151263,0.33613445378151263
1,0.41025641025641024,0.3333333333333333,0.29237288135593215,0.22916666666666666,0.3501945525291829,0.2692613185067514,0.48484848484848486,0.44186046511627913,0.34888689003822804,0.5724607084206771,0.7500000000000002,0.33613445378151263,0.33613445378151263
1,0.41025641025641024,0.6666666666666666,0.29237288135593215,0.18750000000000003,0.5038910505836576,0.4416203335980937,0.5497835497835498,0.3953488372093023,0.35383404542388125,0.583508411,0.7500000000000002,0.33613445378151263,0.33613445378151263
1,0.41025641025641024,1,0.2781779661016948,0.2255208333333333,0.4034046692607004,0.3571485305798252,0.5627705627705629,0.4034883720930233,0.3566449291657297,0.5496197539927531,0.7500000000000002,0.33613445378151263,0.33613445378151263
1,0.4358974358974359,0,0.34322033898305077,0.22916666666666666,0.36770428,0.22398729150119143,0.37229437229437234,0.2558139534883721,0.30582415111310984,0.6620673999121403,0.7500000000000002,0.084033613,0.084033613
1,0.4358974358974359,0.3333333333333333,0.5635593220338984,0.5000000000000001,0.3618677042801557,0.2057188244638602,0.3463203463203463,0.4186046511627907,0.24994378232516293,0.6007577368158807,0.7500000000000002,0.084033613,0.084033613
1,0.4358974358974359,0.6666666666666666,0.5508474576271185,0.41666666666666663,0.29571984435797666,0.15647339158061954,0.33766233766233766,0.23255813953488372,0.3032381380706094,0.6570417121443967,0.7500000000000002,0.084033613,0.084033613
1,0.4358974358974359,1,0.4858050847457627,0.3817708333333333,0.3417315175097276,0.1953931691818904,0.35064935064935066,0.3023255813953489,0.3228018889138746,0.5998122431650732,0.7500000000000002,0.084033613,0.084033613
1,0.46153846153846156,0,0.37288135593220345,0.2916666666666667,0.5350194552529183,0.227164416,0.6666666666666666,0.4186046511627907,0.6414436698898135,0.5195062937640229,0.7500000000000002,0.33613445378151263,0.33613445378151263
1,0.46153846153846156,0.3333333333333333,0.39406779661016955,0.2083333333333333,0.31906614785992216,0.1517077045274027,0.29437229437229445,0.32558139534883723,0.6421182819878568,0.5301761372380792,0.7500000000000002,0.33613445378151263,0.33613445378151263
1,0.46153846153846156,0.6666666666666666,0.16525423728813554,0.09375,0.6011673151750972,0.26449563145353455,0.1991341991341991,0.32558139534883723,0.6284011693276365,0.5336565023571763,0.7500000000000002,0.33613445378151263,0.33613445378151263
1,0.46153846153846156,1,0.3108050847457628,0.19791666666666666,0.48511673151750967,0.21445591739475772,0.38528138528138534,0.3569767441860466,0.6304250056217674,0.5628159969573409,0.7500000000000002,0.33613445378151263,0.33613445378151263
1,0.48717948717948717,0,0.3050847457627119,0.15624999999999997,0.36770428,0.33439237490071483,0.58008658,0.3488372093023256,0.6653923993703621,0.6308373082490852,0.7500000000000002,0.33613445378151263,0.33613445378151263
1,0.48717948717948717,0.3333333333333333,0.440677966,0.375,0.4571984435797665,0.40984908657664815,0.5670995670995671,0.3488372093023256,0.6182819878569824,0.6077726885962197,0.7500000000000002,0.33613445378151263,0.33613445378151263
1,0.48717948717948717,0.6666666666666666,0.4110169491525424,0.53125,0.36770428,0.30897537728355834,0.5324675324675324,0.3488372093023256,0.5989431077130651,0.6068780282861161,0.7500000000000002,0.33613445378151263,0.33613445378151263
1,0.48717948717948717,1,0.38559322,0.3541666666666667,0.39756809338521404,0.35107227958697373,0.5584415584415584,0.3488372093023256,0.701596582,0.5640275163115424,0.7500000000000002,0.33613445378151263,0.33613445378151263
1,0.5128205128205128,0,0.30084745762711856,0.26041666666666663,0.1692607003891051,0.085782367,0.393939394,0,0.43422532044074663,0.5263585800334338,0.7500000000000002,0.33613445378151263,0.33613445378151263
1,0.5128205128205128,0.3333333333333333,0.326271186,0.5000000000000001,0.24902723735408558,0.2565528196981732,0.6536796536796537,0.186046512,0.33831796716887796,0.5043529808919825,0.7500000000000002,0.33613445378151263,0.33613445378151263
1,0.5128205128205128,0.6666666666666666,0.29661016949152547,0.5000000000000001,0.2898832684824903,0.2922954725972995,0.11255411255411256,0.2093023255813954,0.39476051270519436,0.5161784277825443,0.7500000000000002,0.33613445378151263,0.33613445378151263
1,0.5128205128205128,1,0.3078389830508475,0.42031250000000003,0.23608949416342412,0.21155679110405082,0.38528138528138534,0.1313953488372093,0.3483247132898582,0.6201420482520925,0.7500000000000002,0.33613445378151263,0.33613445378151263
1,0.5384615384615384,0,0.39406779661016955,0.45833333333333337,0.2568093385214008,0.21048451151707703,0.5281385281385282,0.23255813953488372,0.2891837193613672,0.35229627333221303,0,1,1
1,0.5384615384615384,0.3333333333333333,0.24576271186440682,0.45833333333333337,0.13813229571984437,0.16044479745830026,0.7012987012987013,0.3023255813953489,0.4221947380256354,0.3504459527031608,0,1,1
1,0.5384615384615384,0.6666666666666666,0.3686440677966102,0.2916666666666667,0.3618677042801557,0.35822081,0.6320346320346321,0.32558139534883723,0.4515403642905329,0.32068324001922305,0,1,1
1,0.5384615384615384,1,0.336228814,0.40260416666666665,0.25223735408560316,0.24305003971405878,0.6233766233766234,0.28720930232558145,0.3388801439172474,0.37495761799886196,0,1,1
1,0.5641025641025641,0,0.4830508474576273,0.3541666666666667,0.29377431906614787,0.28038125496425736,0.6103896103896105,0.46511627906976744,0.3950978187542162,0.6948495918060482,0.42857142857142866,0.8403361344537816,0.8403361344537815
1,0.5641025641025641,0.3333333333333333,0.7330508474576272,0.375,0.23151750972762647,0.1969817315329627,0.5497835497835498,0.27906976744186046,0.4604227569147739,0.7097267120117224,0.42857142857142866,0.8403361344537816,0.8403361344537815
1,0.5641025641025641,0.6666666666666666,0.5593220338983051,0.4270833333333333,0.4494163424124514,0.2509928514694202,0.31601731601731603,0.4186046511627907,0.5300202383629412,0.6587547837854572,0.42857142857142866,0.8403361344537816,0.8403361344537815
1,0.5641025641025641,1,0.5917372881355932,0.38541666666666663,0.3249027237354086,0.24277204130262114,0.49350649350649356,0.38720930232558143,0.5610523948729481,0.6636754166703521,0.42857142857142866,0.8403361344537816,0.8403361344537815
1,0.5897435897435898,0,0.728813559,0.5729166666666667,0.1595330739299611,0.17950754567116758,0.6926406926406926,0.23255813953488372,0.41185068585563295,0.644413104,0.49999999999999983,0.4201680672268908,0.42016806722689076
1,0.5897435897435898,0.3333333333333333,0.6313559322033899,0.44791666666666674,0.15369649805447472,0.153296267,0.6320346320346321,0.1627906976744186,0.42568023386552717,0.7263795979680225,0.49999999999999983,0.4201680672268908,0.42016806722689076
1,0.5897435897435898,0.6666666666666666,0.5254237288135595,0.41666666666666663,0.22373540856031132,0.1652104845115171,0.4891774891774891,0.3023255813953489,0.4078030132673714,0.5605996786338697,0.49999999999999983,0.4201680672268908,0.42016806722689076
1,0.5897435897435898,1,0.6286016949152542,0.47916666666666663,0.17898832684824906,0.1660047656870532,0.606060606,0.23255813953488372,0.3447267821002923,0.639411138,0.49999999999999983,0.4201680672268908,0.42016806722689076
1,0.6153846153846154,0,0.6822033898305084,0.3333333333333333,0.40466926070038906,0.4694201747418586,0.7575757575757576,0.27906976744186046,0.39307398246008557,0.4451444145682048,0.5357142857142857,0.6722689075630253,0.6722689075630253
1,0.6153846153846154,0.3333333333333333,0.4872881355932202,0.7604166666666667,0.2276264591439689,0.2978554408260524,0.8138528138528138,0.186046512,0.40240611648302216,0.5007861998307669,0.5357142857142857,0.6722689075630253,0.6722689075630253
1,0.6153846153846154,0.6666666666666666,0.5805084745762712,0.40625,0.2607003891050584,0.1993645750595711,0.4978354978354978,0.2093023255813954,0.4663818304474926,0.49861732576206524,0.5357142857142857,0.6722689075630253,0.6722689075630253
1,0.6153846153846154,1,0.5832627118644067,0.5000000000000001,0.29766536964980544,0.32220015885623515,0.6883116883116882,0.2244186046511628,0.498201034,0.5094210297278412,0.5357142857142857,0.6722689075630253,0.6722689075630253
1,0.6410256410256411,0,0.4110169491525424,0.3333333333333333,0.321011673,0.4654487688641779,0.9350649350649352,0.3953488372093023,0.5727456712390375,0.6491507384050216,0.5357142857142857,0.2521008403361345,0.25210084033613445
1,0.6410256410256411,0.3333333333333333,0.4872881355932202,0.6354166666666666,0.21789883268482493,0.20333598093725178,0.5974025974025974,0.3488372093023256,0.5435124803238138,0.6257963706265459,0.5357142857142857,0.2521008403361345,0.25210084033613445
1,0.6410256410256411,0.6666666666666666,0.5762711864406779,0.3541666666666667,0.15369649805447472,0.1397934868943606,0.5930735930735931,0.3023255813953489,0.523274117,0.5984939745324712,0.5357142857142857,0.2521008403361345,0.25210084033613445
1,0.6410256410256411,1,0.4915254237288135,0.4411458333333333,0.2308365758754864,0.26953931691818905,0.70995671,0.3488372093023256,0.5659995502586014,0.6434659163209769,0.5357142857142857,0.2521008403361345,0.25210084033613445
1,0.6666666666666666,0,0.4533898305084746,0.12499999999999997,0.41439688715953304,0.36616362192216045,0.5584415584415584,0.3023255813953489,0.834720036,0.7188020941868111,0.6071428571428572,0.33613445378151263,0.33613445378151263
1,0.6666666666666666,0.3333333333333333,0.3559322033898306,0.0625,0.40466926070038906,0.4416203335980937,0.7056277056277056,0.2093023255813954,0.7832246458286485,0.7658124386382331,0.6071428571428572,0.33613445378151263,0.33613445378151263
1,0.6666666666666666,0.6666666666666666,0.444915254,0.19791666666666666,0.40077821011673154,0.43367752184273234,0.7012987012987013,0.3488372093023256,0.8018889138745221,0.7741761590555963,0.6071428571428572,0.33613445378151263,0.33613445378151263
1,0.6666666666666666,1,0.41800847457627116,0.12864583333333332,0.4066147859922179,0.41382049245432884,0.6536796536796537,0.28720930232558145,0.7413986957499438,0.761186637,0.6071428571428572,0.33613445378151263,0.33613445378151263
1,0.6923076923076923,0,0.3474576271186441,0.21875000000000003,0.5389105058365758,0.7672756155679109,0.974025974,0.48837209302325574,0.7059815606026534,0.5449685358971865,0.6071428571428572,0.504201681,0.5042016806722689
1,0.6923076923076923,0.3333333333333333,0.3474576271186441,0.4270833333333333,0.29377431906614787,0.29150119142176334,0.6320346320346321,0.4186046511627907,0.7355520575668989,0.5046461178086958,0.6071428571428572,0.504201681,0.5042016806722689
1,0.6923076923076923,0.6666666666666666,0.33898305084745767,0.5104166666666667,0.6517509727626459,0.6664019062748213,0.6623376623376624,0.48837209302325574,0.7076680908477625,0.5489080922350277,0.6071428571428572,0.504201681,0.5042016806722689
1,0.6923076923076923,1,0.3447033898305084,0.38541666666666663,0.4948443579766536,0.5750595710881652,0.7575757575757576,0.46511627906976744,0.7418484371486395,0.5600777933055602,0.6071428571428572,0.504201681,0.5042016806722689
1,0.717948718,0,0.538135593,0.16666666666666669,0.6556420233463034,0.5321683876092136,0.49350649350649356,0.4186046511627907,0.6424555880368786,0.5459597791123808,0.6071428571428572,0.33613445378151263,0.33613445378151263
1,0.717948718,0.3333333333333333,0.6483050847457628,0.22916666666666666,0.5428015564202334,0.23034154090548054,0.1948051948051948,0.4186046511627907,0.6588711490892736,0.5665301936746889,0.6071428571428572,0.33613445378151263,0.33613445378151263
1,0.717948718,0.6666666666666666,0.3983050847457628,0.12499999999999997,0.480544747,0.2994440031771247,0.35930735930735935,0.3023255813953489,0.6045648751967619,0.597944978,0.6071428571428572,0.33613445378151263,0.33613445378151263
1,0.717948718,1,0.528177966,0.17343749999999997,0.5596303501945525,0.3539714058776807,0.35064935064935066,0.3802325581395349,0.6567348774454689,0.5454311162018651,0.6071428571428572,0.33613445378151263,0.33613445378151263
1,0.7435897435897436,0,0.5889830508474577,0.3333333333333333,0.321011673,0.2088959491660048,0.4112554112554112,0.1627906976744186,0.33213402293681127,0.41623400171591823,0.6071428571428572,0.4201680672268908,0.42016806722689076
1,0.7435897435897436,0.3333333333333333,0.5635593220338984,0.21875000000000003,0.31906614785992216,0.181890389,0.35930735930735935,0.186046512,0.18192039577243094,0.45793568815102437,0.6071428571428572,0.4201680672268908,0.42016806722689076
1,0.7435897435897436,0.6666666666666666,0.5677966101694917,0.3333333333333333,0.27431906614785995,0.1858617950754567,0.43722943722943725,0.186046512,0.1702271194063412,0.46930363792356206,0.6071428571428572,0.4201680672268908,0.42016806722689076
1,0.7435897435897436,1,0.5735169491525425,0.2953125,0.30476653696498057,0.19221604447974586,0.4025974025974027,0.17790697674418604,0.20508207780526208,0.4367400277731096,0.6071428571428572,0.4201680672268908,0.42016806722689076
1,0.7692307692307693,0,0.6101694915254239,0.26041666666666663,0.1692607003891051,0.17474185861795075,0.6493506493506493,0.186046512,0.7186867551158083,0.5035820141106266,0.6428571428571428,0.5882352941176471,0.5252100840336135
1,0.7692307692307693,0.3333333333333333,0.33898305084745767,0.6562500000000001,0.41634241245136183,0.36378077839555206,0.5497835497835498,0.23255813953488372,0.8205531819203957,0.5182303859047046,0.6428571428571428,0.5882352941176471,0.5252100840336135
1,0.7692307692307693,0.6666666666666666,0.4025423728813558,0.28125,0.13813229571984437,0.12152501985702942,0.58008658,0.13953488372093026,0.9464807735552059,0.45643611506676457,0.6428571428571428,0.5882352941176471,0.5252100840336135
1,0.7692307692307693,1,0.4506355932203391,0.3994791666666666,0.24124513618677043,0.22001588562351074,0.5930735930735931,0.186046512,0.9209579491792219,0.4514104272990208,0.6428571428571428,0.5882352941176471,0.5252100840336135
1,0.7948717948717948,0,0.4110169491525424,0.26041666666666663,0.3404669260700389,0.1660047656870532,0.29437229437229445,0.5813953488372093,0.5887114908927366,0.44688968031440807,0.6428571428571428,0.084033613,0.084033613
1,0.7948717948717948,0.3333333333333333,0.4194915254237289,0.34375000000000006,0.48443579766536965,0.4471803018268467,0.5844155844155844,0.3953488372093023,0.5980436249156735,0.49672295,0.6428571428571428,0.084033613,0.084033613
1,0.7948717948717948,0.6666666666666666,0.3559322033898306,0.3229166666666667,0.2626459143968872,0.1382049245432883,0.35064935064935066,0.3488372093023256,0.6664043175174276,0.46455075373624977,0.6428571428571428,0.084033613,0.084033613
1,0.7948717948717948,1,0.39555084745762703,0.3088541666666667,0.3625486381322957,0.2504765687053217,0.4112554112554112,0.44186046511627913,0.5638632786147966,0.5361693460936325,0.6428571428571428,0.084033613,0.084033613
1,0.8205128205128205,0,0.7033898305084746,0.7187500000000001,0.5953307392996109,0.5003971405877681,0.5194805194805195,0.6046511627906976,0.2809759388351699,0.5900878933418245,0.6785714285714284,0.33613445378151263,0.33613445378151263
1,0.8205128205128205,0.3333333333333333,0.3347457627118644,0.7291666666666667,0.30544747081712065,0.2192216044479746,0.4588744588744589,0.372093023,0.31504384978637295,0.6132660398552967,0.6785714285714284,0.33613445378151263,0.33613445378151263
1,0.8205128205128205,0.6666666666666666,0.4661016949152541,0.6458333333333335,0.5525291828793775,0.6266878474980143,0.7489177489177489,0.5813953488372093,0.38823926242410617,0.6510247811614585,0.6785714285714284,0.33613445378151263,0.33613445378151263
1,0.8205128205128205,1,0.5014830508474576,0.6979166666666669,0.48443579766536965,0.448768864,0.5757575757575758,0.5197674418604651,0.4402968293231392,0.6348497253646326,0.6785714285714284,0.33613445378151263,0.33613445378151263
1,0.8461538461538461,0,0.326271186,0.46875,0.575875486,0.5345512311358221,0.5887445887445887,0.4186046511627907,0.8827299302900832,0.5739433372545898,0.714285714,0.6722689075630253,0.6722689075630253
1,0.8461538461538461,0.3333333333333333,0.4025423728813558,0.5937500000000001,0.3871595330739299,0.2922954725972995,0.4675324675324676,0.3953488372093023,0.7632111535866877,0.6433964446292054,0.714285714,0.6722689075630253,0.6722689075630253
1,0.8461538461538461,0.6666666666666666,0.35169491525423735,0.5833333333333334,0.4883268482490273,0.3073868149324861,0.36363636363636365,0.372093023,0.8669889813357318,0.5961827682891233,0.714285714,0.6722689075630253,0.6722689075630253
1,0.8461538461538461,1,0.3601694915254236,0.5484375000000001,0.48375486381322963,0.3780778395552025,0.4718614718614718,0.3953488372093023,0.8750843265122553,0.5616112551853456,0.714285714,0.6722689075630253,0.6722689075630253
1,0.8717948717948718,0,0.8305084745762712,0.6145833333333334,0.8385214007782101,0.5710881652104846,0.37229437229437234,0.372093023,0.5007870474477175,0.5220191377953104,0.714285714,0.6722689075630253,0.6722689075630253
1,0.8717948717948718,0.3333333333333333,0.8389830508474577,0.6354166666666666,0.7062256809338521,0.60841938,0.5324675324675324,0.5348837209302325,0.5119181470654374,0.5120507894108386,0.714285714,0.6722689075630253,0.6722689075630253
1,0.8717948717948718,0.6666666666666666,0.8516949152542372,0.8854166666666667,0.5778210116731517,0.38999205718824465,0.38528138528138534,0.5116279069767441,0.478524848,0.509787027,0.714285714,0.6722689075630253,0.6722689075630253
1,0.8717948717948718,1,0.8404661016949152,0.7119791666666668,0.7074902723735409,0.5231532962668786,0.42857142857142855,0.4732558139534883,0.3994827973914999,0.5884324323288431,0.714285714,0.6722689075630253,0.6722689075630253
1,0.8974358974358975,0,0.33898305084745767,0.26041666666666663,0.11478599221789884,0.13105639396346305,0.6883116883116882,0.32558139534883723,0.36080503710366546,0.4586964885590709,0.857142857,0.084033613,0.084033613
1,0.8974358974358975,0.3333333333333333,0.27966101694915246,0.19791666666666666,0.22373540856031132,0.22398729150119143,0.6363636363636365,0.3023255813953489,0.42500562176748385,0.48343520757598546,0.857142857,0.084033613,0.084033613
1,0.8974358974358975,0.6666666666666666,0.29237288135593215,0.10416666666666663,0.1342412451361868,0.1493248610007943,0.6796536796536796,0.27906976744186046,0.41218799190465477,0.49216492568776776,0.857142857,0.084033613,0.084033613
1,0.8974358974358975,1,0.30360169491525424,0.18750000000000003,0.1575875486381323,0.16810961080222397,0.6666666666666666,0.3023255813953489,0.3470879244434451,0.5207025632634288,0.857142857,0.084033613,0.084033613
1,0.9230769230769231,0,0.6483050847457628,0.041666667,0.5953307392996109,0.8022239872915011,0.922077922,0.5116279069767441,0.26388576568473127,0.6517025541236582,0.857142857,0,0
1,0.9230769230769231,0.3333333333333333,0.326271186,0,0.86770428,0.8022239872915011,0.9134199134199134,0.46511627906976744,0.26714639082527536,0.6844288297850386,0.857142857,0,0
1,0.9230769230769231,0.6666666666666666,0.41525423728813565,0.072916667,0.7957198443579766,0.6401906274821286,0.48051948051948046,0.4186046511627907,0.30256352597256575,0.6335145121868523,0.857142857,0,0
1,0.9230769230769231,1,0.46334745762711865,0.038020833,0.7529182879377432,1,0.9134199134199134,0.46511627906976744,0.30402518551832686,0.7079136689692992,0.857142857,0,0
1,0.9487179487179487,0,0.8940677966101694,0.43749999999999994,0.7529182879377432,0.6362192216044479,0.5151515151515151,0.32558139534883723,0.5237238587812006,0.49637220241938573,0.8928571428571426,0.504201681,0.5042016806722689
1,0.9487179487179487,0.3333333333333333,0.847457627,0.40625,0.3385214007782101,0.22319301032565528,0.4112554112554112,0.2093023255813954,0.5493591185068584,0.5037684017489394,0.8928571428571426,0.504201681,0.5042016806722689
1,0.9487179487179487,0.6666666666666666,0.9279661016949154,0.5729166666666667,0.38910505836575876,0.37172359015091344,0.6103896103896105,0.372093023,0.4454688554081404,0.4754544291033884,0.8928571428571426,0.504201681,0.5042016806722689
1,0.9487179487179487,1,0.8898305084745762,0.47239583333333335,0.4934824902723736,0.4103653693407466,0.5108225108225108,0.3023255813953489,0.379469305,0.44194024211547367,0.8928571428571426,0.504201681,0.5042016806722689
1,0.9743589743589743,0,0.7415254237288135,0.45833333333333337,0.6206225680933852,0.39475774424146143,0.35064935064935066,0.372093023,0.22397121655048333,0.5711526064562161,0.9285714285714288,0.084033613,0.084033613
1,0.9743589743589743,0.3333333333333333,0.847457627,0.44791666666666674,0.5739299610894942,0.41302621127879274,0.4242424242424242,0.3953488372093023,0.13672138520350796,0.5515920737550011,0.9285714285714288,0.084033613,0.084033613
1,0.9743589743589743,0.6666666666666666,1,0.5208333333333334,0.4260700389105058,0.27879269261318507,0.3896103896103897,0.372093023,0.096581965,0.5208042293551743,0.9285714285714288,0.084033613,0.084033613
1,0.9743589743589743,1,0.8629237288135594,0.4755208333333333,0.5401750972762647,0.36219221604447976,0.3896103896103897,0.3802325581395349,0.091409939,0.533851362,0.9285714285714288,0.084033613,0.084033613
1,1,0,0.3559322033898306,0.4895833333333335,0.5428015564202334,0.47736298649722003,0.5497835497835498,0.372093023,0.20946705644254549,0.5544658319992216,1,0.2100840336134454,0.21008403361344538
1,1,0.3333333333333333,0.3601694915254236,0.5416666666666669,0.9396887159533074,0.8872120730738681,0.5974025974025974,0.3953488372093023,0.22689453564200593,0.623083584,1,0.2100840336134454,0.21008403361344538
1,1,0.6666666666666666,0.23728813559322026,0.39583333333333337,0.6439688715953308,0.5274027005559968,0.4978354978354978,0.2093023255813954,0.328985833,0.5748329143780386,1,0.2100840336134454,0.21008403361344538
1,1,1,0.31779661016949157,0.4755208333333333,0.7088521400778209,0.6306592533756951,0.5497835497835498,0.32558139534883723,0.34348999325387913,0.6094400106728934,1,0.2100840336134454,0.21008403361344538
1,1.0256410256410255,0,0.49184322033898303,0.36484375,0.39635214,0.35067513899920566,0.5739177489177489,0.3430232558139535,0.5273611423431527,0.5445307368203033,0.6580357142857143,0.4420168067226891,0.43886554621848733
1,1.0256410256410255,0.3333333333333333,0.49682203389830504,0.3911458333333333,0.39066147859922173,0.31463463065925334,0.5375541125541126,0.336046512,0.5337615246233416,0.5532786021162991,0.6580357142857143,0.4420168067226891,0.43886554621848733
1,1.0256410256410255,0.6666666666666666,0.4851694915254237,0.37604166666666666,0.3806420233463035,0.29622716441620334,0.48398268398268396,0.3418604651162791,0.5373622666966493,0.5476076150505488,0.6580357142857143,0.4420168067226891,0.43886554621848733
1,1.0256410256410255,1,0.4912923728813559,0.37734375,0.38921449416342413,0.3460554011119936,0.5353896103896104,0.34031976744186043,0.5286035529570496,0.560422653,0.6580357142857143,0.4420168067226891,0.43886554621848733
